id,classname,methodname,location,start,end
0,SimpleMethods.java,int gcd(int n1, int n2),21,396,396
1,SimpleMethods.java,int gcd(int n1, int n2),21,396,396
2,SimpleMethods.java,int gcd(int n1, int n2),21,396,396
3,SimpleMethods.java,int gcd(int n1, int n2),21,396,396
4,SimpleMethods.java,int gcd(int n1, int n2),22,420,420
5,SimpleMethods.java,int gcd(int n1, int n2),22,420,420
6,SimpleMethods.java,int gcd(int n1, int n2),22,420,420
7,SimpleMethods.java,int gcd(int n1, int n2),22,430,433
8,SimpleMethods.java,int gcd(int n1, int n2),22,430,433
9,SimpleMethods.java,int gcd(int n1, int n2),22,424,427
10,SimpleMethods.java,int gcd(int n1, int n2),22,424,427
11,SimpleMethods.java,int gcd(int n1, int n2),22,424,427
12,SimpleMethods.java,int gcd(int n1, int n2),22,423,423
13,SimpleMethods.java,int gcd(int n1, int n2),22,423,423
14,SimpleMethods.java,int gcd(int n1, int n2),22,423,423
15,SimpleMethods.java,int gcd(int n1, int n2),22,428,429
16,SimpleMethods.java,int gcd(int n1, int n2),22,428,429
17,SimpleMethods.java,int gcd(int n1, int n2),22,428,429
18,SimpleMethods.java,int gcd(int n1, int n2),22,428,429
19,SimpleMethods.java,int gcd(int n1, int n2),22,428,429
20,SimpleMethods.java,int gcd(int n1, int n2),22,435,438
21,SimpleMethods.java,int gcd(int n1, int n2),22,435,438
22,SimpleMethods.java,int gcd(int n1, int n2),22,435,438
23,SimpleMethods.java,int gcd(int n1, int n2),22,434,434
24,SimpleMethods.java,int gcd(int n1, int n2),22,434,434
25,SimpleMethods.java,int gcd(int n1, int n2),22,434,434
26,SimpleMethods.java,int gcd(int n1, int n2),22,439,440
27,SimpleMethods.java,int gcd(int n1, int n2),22,439,440
28,SimpleMethods.java,int gcd(int n1, int n2),22,439,440
29,SimpleMethods.java,int gcd(int n1, int n2),22,439,440
30,SimpleMethods.java,int gcd(int n1, int n2),22,444,445
31,SimpleMethods.java,int gcd(int n1, int n2),22,444,445
32,SimpleMethods.java,int gcd(int n1, int n2),22,444,445
33,SimpleMethods.java,int gcd(int n1, int n2),22,443,443
34,SimpleMethods.java,int gcd(int n1, int n2),22,443,443
35,SimpleMethods.java,int gcd(int n1, int n2),23,477,480
36,SimpleMethods.java,int gcd(int n1, int n2),23,477,480
37,SimpleMethods.java,int gcd(int n1, int n2),23,477,480
38,SimpleMethods.java,int gcd(int n1, int n2),23,472,475
39,SimpleMethods.java,int gcd(int n1, int n2),23,472,475
40,SimpleMethods.java,int gcd(int n1, int n2),23,468,470
41,SimpleMethods.java,int gcd(int n1, int n2),23,468,470
42,SimpleMethods.java,int gcd(int n1, int n2),23,468,470
43,SimpleMethods.java,int gcd(int n1, int n2),23,466,467
44,SimpleMethods.java,int gcd(int n1, int n2),23,466,467
45,SimpleMethods.java,int gcd(int n1, int n2),23,466,467
46,SimpleMethods.java,int gcd(int n1, int n2),23,466,467
47,SimpleMethods.java,int gcd(int n1, int n2),23,466,467
48,SimpleMethods.java,int gcd(int n1, int n2),23,471,471
49,SimpleMethods.java,int gcd(int n1, int n2),23,471,471
50,SimpleMethods.java,int gcd(int n1, int n2),23,471,471
51,SimpleMethods.java,int gcd(int n1, int n2),23,476,476
52,SimpleMethods.java,int gcd(int n1, int n2),23,476,476
53,SimpleMethods.java,int gcd(int n1, int n2),23,476,476
54,SimpleMethods.java,int gcd(int n1, int n2),23,476,476
55,SimpleMethods.java,int gcd(int n1, int n2),23,487,490
56,SimpleMethods.java,int gcd(int n1, int n2),23,487,490
57,SimpleMethods.java,int gcd(int n1, int n2),23,483,485
58,SimpleMethods.java,int gcd(int n1, int n2),23,483,485
59,SimpleMethods.java,int gcd(int n1, int n2),23,483,485
60,SimpleMethods.java,int gcd(int n1, int n2),23,481,482
61,SimpleMethods.java,int gcd(int n1, int n2),23,481,482
62,SimpleMethods.java,int gcd(int n1, int n2),23,481,482
63,SimpleMethods.java,int gcd(int n1, int n2),23,481,482
64,SimpleMethods.java,int gcd(int n1, int n2),23,481,482
65,SimpleMethods.java,int gcd(int n1, int n2),23,486,486
66,SimpleMethods.java,int gcd(int n1, int n2),23,486,486
67,SimpleMethods.java,int gcd(int n1, int n2),23,486,486
68,SimpleMethods.java,int gcd(int n1, int n2),23,491,491
69,SimpleMethods.java,int gcd(int n1, int n2),23,491,491
70,SimpleMethods.java,int gcd(int n1, int n2),23,491,491
71,SimpleMethods.java,int gcd(int n1, int n2),23,491,491
72,SimpleMethods.java,int gcd(int n1, int n2),24,515,517
73,SimpleMethods.java,int gcd(int n1, int n2),24,515,517
74,SimpleMethods.java,int gcd(int n1, int n2),24,515,517
75,SimpleMethods.java,int gcd(int n1, int n2),24,515,517
76,SimpleMethods.java,int gcd(int n1, int n2),24,512,514
77,SimpleMethods.java,int gcd(int n1, int n2),24,512,514
78,SimpleMethods.java,int gcd(int n1, int n2),24,512,514
79,SimpleMethods.java,int gcd(int n1, int n2),24,512,514
80,SimpleMethods.java,int gcd(int n1, int n2),24,518,518
81,SimpleMethods.java,int gcd(int n1, int n2),24,518,518
82,SimpleMethods.java,int gcd(int n1, int n2),24,518,518
83,SimpleMethods.java,int gcd(int n1, int n2),24,518,518
84,SimpleMethods.java,int gcd(int n1, int n2),27,560,562
85,SimpleMethods.java,int gcd(int n1, int n2),27,560,562
86,SimpleMethods.java,int gcd(int n1, int n2),27,560,562
87,SimpleMethods.java,int gcd(int n1, int n2),27,560,562
88,SimpleMethods.java,int gcd(int n1, int n2),27,560,562
